{
  "accuracy": 0.577,
  "precision": 0.5803757828810021,
  "recall": 0.556,
  "f1": 0.567926455566905,
  "roc_auc": 0.607616
}