{
  "accuracy": 0.516,
  "precision": 0.7105263157894737,
  "recall": 0.054,
  "f1": 0.10037174721189591,
  "roc_auc": 0.612616
}